date,symbol,action,signal,price,shares,amount,net_profit_pct,net_profit_usd,order_no,kis_status
2026-06-15T13:37:56+00:00,SNDK,BUY,reddit_agent,2064.89,5,10324.45,0.0,0.0,40440,FILLED
2026-06-15T13:37:58+00:00,IREN,BUY,reddit_agent,62.572,47,2940.884,0.0,0.0,40442,FILLED
2026-06-17T13:39:36+00:00,DELL,BUY,reddit_agent,396.605,25,9915.125,0.0,0.0,38857,FILLED
2026-06-17T13:39:39+00:00,AVGO,BUY,reddit_agent,383.73,15,5755.95,0.0,0.0,38859,FILLED
2026-06-18T13:49:46+00:00,INTC,BUY,reddit_agent,131.2,45,5904.0,0.0,0.0,36749,FILLED
2026-06-22T13:42:31+00:00,MUU,BUY,reddit_agent,1172.05,2,2344.1,0.0,0.0,40435,FILLED
2026-06-22T13:42:34+00:00,DRAM,BUY,reddit_agent,80.14,61,4888.54,0.0,0.0,40437,FILLED
2026-06-23T14:40:48+00:00,IREN,SELL,kis_reconcile,56.255,1,56.255,-10.0955699,-6.317,43842,FILLED
2026-06-23T14:40:56+00:00,IREN,BUY,kis_reconcile,56.255,1,56.255,0.0,0.0,43844,FILLED
2026-06-24T13:41:42+00:00,AVGO,SELL,kis_reconcile,382.42,15,5736.3,-0.34138587,-19.65,56608,FILLED
2026-06-24T13:41:45+00:00,DRAM,SELL,kis_reconcile,69.56990164,61,4243.76400004,-13.18954125,-644.77599996,56609,FILLED
2026-06-24T13:41:47+00:00,SNDK,SELL,kis_reconcile,1938.54,5,9692.7,-6.11897002,-631.75,56610,FILLED
2026-06-24T13:41:49+00:00,INTC,SELL,kis_reconcile,130.64,45,5878.8,-0.42682927,-25.2,56611,FILLED
2026-06-24T13:41:51+00:00,IREN,SELL,kis_reconcile,52.19,47,2452.93,-16.41254059,-481.637,56613,FILLED
2026-06-24T13:41:53+00:00,MUU,SELL,kis_reconcile,884.27,2,1768.54,-24.55356,-575.56,56614,FILLED
2026-06-24T13:41:56+00:00,PLTR,BUY,kis_reconcile,116.77879762,84,9809.41900008,0.0,0.0,56615,FILLED
2026-06-25T13:40:29+00:00,PLTR,SELL,kis_reconcile,108.38890476,84,9104.66799984,-7.18443162,-704.75100024,38872,FILLED
2026-06-25T13:40:39+00:00,DELL,SELL,kis_reconcile,399.54252,25,9988.563,0.74066641,73.438,38888,FILLED
2026-06-25T13:40:50+00:00,QCOM,BUY,kis_reconcile,212.475,49,10411.275,0.0,0.0,38898,FILLED
2026-06-29T13:46:15+00:00,QCOM,SELL,kis_reconcile,190.475,49,9333.275,-10.35415931,-1078.0,38905,FILLED
2026-06-29T13:46:17+00:00,SNDK,BUY,kis_reconcile,1991.48,2,3982.96,0.0,0.0,38906,FILLED
2026-06-30T13:44:18+00:00,SNDK,SELL,kis_reconcile,2128.68,2,4257.36,6.88934863,274.4,38898,FILLED
2026-06-30T13:44:20+00:00,OUST,BUY,kis_reconcile,56.965,92,5240.78,0.0,0.0,38899,FILLED
2026-07-01T13:41:56+00:00,AMD,BUY,kis_reconcile,552.6,11,6078.6,0.0,0.0,48590,FILLED
2026-07-01T13:41:58+00:00,ASML,BUY,kis_reconcile,1900.85,3,5702.55,0.0,0.0,48591,FILLED
2026-07-01T13:42:00+00:00,RKLB,BUY,kis_reconcile,102.215,31,3168.665,0.0,0.0,48594,FILLED
2026-07-02T13:41:30+00:00,AMD,SELL,kis_reconcile,531.9,11,5850.9,-3.74592834,-227.7,43341,FILLED
2026-07-02T13:41:33+00:00,OUST,SELL,kis_reconcile,53.88434783,92,4957.36000036,-5.40797362,-283.41999964,43342,FILLED
2026-07-02T13:41:35+00:00,ASML,SELL,kis_reconcile,1829.53,3,5488.59,-3.75200568,-213.96,43343,FILLED
2026-07-02T13:41:37+00:00,HPE,BUY,kis_reconcile,43.61,144,6279.84,0.0,0.0,43345,FILLED
2026-07-02T13:41:39+00:00,RDDT,BUY,kis_reconcile,195.51,16,3128.16,0.0,0.0,43346,FILLED
2026-07-06T13:44:10+00:00,RDDT,SELL,kis_reconcile,200.905,16,3214.48,2.75944964,86.32,43861,FILLED
2026-07-06T13:44:13+00:00,RKLB,SELL,kis_reconcile,97.205,31,3013.355,-4.90143325,-155.31,43862,FILLED
2026-07-06T13:44:15+00:00,EWY,BUY,kis_reconcile,190.9,16,3054.4,0.0,0.0,43870,FILLED
2026-07-07T13:42:33+00:00,MIAX,BUY,kis_reconcile,42.37,66,2796.42,0.0,0.0,42521,FILLED
2026-07-09T13:40:05+00:00,EWY,SELL,kis_reconcile,184.4,16,2950.4,-3.40492404,-104.0,50929,FILLED
2026-07-10T13:40:56+00:00,GOOGL,BUY,kis_reconcile,357.465,16,5719.44,0.0,0.0,39389,FILLED
2026-07-10T13:40:58+00:00,SOXX,BUY,kis_reconcile,566.72,5,2833.6,0.0,0.0,39390,FILLED
2026-07-13T13:43:12+00:00,GOOGL,SELL,kis_reconcile,357.12,16,5713.92,-0.09651295,-5.52,39820,FILLED
2026-07-13T13:43:14+00:00,ASML,BUY,kis_reconcile,1741.82,5,8709.1,0.0,0.0,39822,FILLED
2026-07-14T13:43:29+00:00,AVGO,BUY,kis_reconcile,385.01,16,6160.16,0.0,0.0,40907,FILLED
2026-07-15T13:41:41+00:00,ASML,SELL,kis_reconcile,1778.64,2,3557.28,2.11388088,73.64,37558,FILLED
2026-07-16T13:40:28+00:00,ASML,SELL,kis_reconcile,1813.39,3,5440.17,4.10892055,214.71,36831,FILLED
2026-07-16T13:40:30+00:00,AVGO,SELL,kis_reconcile,380.95,16,6095.2,-1.05451806,-64.96,36834,FILLED
2026-07-16T13:40:32+00:00,HPE,SELL,kis_reconcile,47.14,144,6788.16,8.09447374,508.32,36837,FILLED
2026-07-16T13:40:34+00:00,SOXX,SELL,kis_reconcile,540.91,5,2704.55,-4.55427724,-129.05,36840,FILLED
2026-07-16T13:40:37+00:00,AMD,BUY,kis_reconcile,515.991,18,9287.838,0.0,0.0,36842,FILLED
2026-07-17T13:41:45+00:00,AMD,SELL,kis_reconcile,465.78,18,8384.04,-9.73098368,-903.798,805,FILLED
2026-07-17T13:41:48+00:00,RKLB,BUY,kis_reconcile,64.94,47,3052.18,0.0,0.0,806,FILLED
2026-07-17T13:41:50+00:00,ARR,BUY,kis_reconcile,17.08,165,2818.2,0.0,0.0,807,FILLED
2026-07-17T13:41:52+00:00,ZM,BUY,kis_reconcile,90.895,31,2817.745,0.0,0.0,808,FILLED
2026-07-20T13:44:29+00:00,RKLB,SELL,kis_reconcile,67.69,47,3181.43,4.23467816,129.25,30707,FILLED
2026-07-24T13:37:28+00:00,AMD,BUY,kis_reconcile,536.51,17,9120.67,0.0,0.0,45538,FILLED
2026-07-27T13:43:16+00:00,AMD,SELL,kis_reconcile,508.44,17,8643.48,-5.23196213,-477.19,47783,FILLED
2026-07-27T13:43:19+00:00,RKLB,BUY,kis_reconcile,66.82,41,2739.62,0.0,0.0,47790,FILLED
2026-07-29T13:42:51+00:00,RKLB,SELL,kis_reconcile,62.65,41,2568.65,-6.24064651,-170.97,48995,FILLED
2026-07-29T13:42:53+00:00,STX,BUY,kis_reconcile,770.01,7,5390.07,0.0,0.0,48996,FILLED
2026-07-29T13:42:55+00:00,AMD,BUY,kis_reconcile,449.44,12,5393.28,0.0,0.0,48998,FILLED
2026-07-30T13:41:05+00:00,AMD,SELL,kis_reconcile,463.99,12,5567.88,3.23736205,174.6,46006,FILLED
2026-07-31T13:40:33+00:00,AXTI,BUY,kis_reconcile,59.86,47,2813.42,0.0,0.0,42190,FILLED
2026-08-03T13:44:17+00:00,STX,SELL,kis_reconcile,795.79,7,5570.53,3.34800847,180.46,41089,FILLED
2026-08-03T13:44:19+00:00,VGT,BUY,kis_reconcile,112.74,27,3043.98,0.0,0.0,41091,FILLED
2026-08-03T13:44:21+00:00,SCHD,BUY,kis_reconcile,33.61,64,2151.04,0.0,0.0,41094,FILLED
2026-08-04T13:43:47+00:00,AXTI,SELL,kis_reconcile,62.25,47,2925.75,3.99264952,112.33,44949,FILLED
2026-08-04T13:43:54+00:00,ASTS,BUY,kis_reconcile,69.1289,40,2765.156,0.0,0.0,44957,FILLED
2026-08-05T13:40:45+00:00,ASTS,SELL,kis_reconcile,67.31,40,2692.4,-2.63117162,-72.756,36649,FILLED
2026-08-06T13:41:48+00:00,ARR,SELL,kis_reconcile,16.67,165,2750.55,-2.40046838,-67.65,43149,FILLED
2026-08-06T13:41:51+00:00,KORU,BUY,kis_reconcile,16.70484444,315,5262.0259986,0.0,0.0,43152,FILLED
2026-08-10T13:43:28+00:00,KORU,SELL,kis_reconcile,16.31,315,5137.65,-2.3636523,-124.3759986,39223,FILLED
2026-08-10T13:43:30+00:00,ZM,SELL,kis_reconcile,105.47,31,3269.57,16.03498542,451.825,39225,FILLED
2026-08-11T13:41:33+00:00,MIAX,SELL,kis_reconcile,43.463,66,2868.558,2.57965542,72.138,41316,FILLED
2026-08-17T13:38:02+00:00,SCHD,SELL,kis_reconcile,34.305,64,2195.52,2.06783695,44.48,855,FILLED
